{
  "sprites": {
    "1776908449364_2k7hklt": {
      "path": "sprites/level/1776908449364_2k7hklt.webp",
      "width": 1.1176470588235294,
      "height": 0.8,
      "anchor": {
        "x": 0.5,
        "y": 0
      }
    },
    "1776908589495_g3q8l7e": {
      "path": "sprites/level/1776908589495_g3q8l7e.webp",
      "width": 1.4527638190954772,
      "height": 0.7,
      "anchor": {
        "x": 0.5,
        "y": 0
      }
    },
    "1776908622945_9pp2pso": {
      "path": "sprites/level/1776908622945_9pp2pso.webp",
      "width": 0.864406779661017,
      "height": 0.5,
      "anchor": {
        "x": 0.5,
        "y": 0
      }
    },
    "1776899750607_1v2yasx": {
      "path": "sprites/level/1776899750607_1v2yasx.webp",
      "width": 1.052396878483835,
      "height": 2,
      "anchor": {
        "x": 0.5,
        "y": 0
      }
    },
    "1776899750304_q4qsn5a": {
      "path": "sprites/level/1776899750304_q4qsn5a.webp",
      "width": 1.503001200480192,
      "height": 2,
      "anchor": {
        "x": 0.5,
        "y": 0
      }
    }
  }
}