{
  "sprites": {
    "1776290355638_fi6ccd6": {
      "path": "sprites/level/1776290355638_fi6ccd6.webp",
      "width": 1.5563177953679275,
      "height": 2.2,
      "anchor": {
        "x": 0.5,
        "y": 0
      },
      "zOffset": 0.1
    },
    "1776290303849_jenhhso": {
      "path": "sprites/level/1776290303849_jenhhso.webp",
      "width": 1.4148343594253885,
      "height": 2,
      "anchor": {
        "x": 0.5,
        "y": 0
      }
    }
  }
}